{
  "project_info": {
    "project_number": "99850702897",
    "project_id": "crudfirebase2-3c258",
    "storage_bucket": "crudfirebase2-3c258.appspot.com"
  },
  "client": [
    {
      "client_info": {
        "mobilesdk_app_id": "1:99850702897:android:f8816176ab1f36b3d54510",
        "android_client_info": {
          "package_name": "com.example.crudfirebase2"
        }
      },
      "oauth_client": [
        {
          "client_id": "99850702897-vorkpekj66336ql9f70rvffefh7mood7.apps.googleusercontent.com",
          "client_type": 1,
          "android_info": {
            "package_name": "com.example.crudfirebase2",
            "certificate_hash": "20ba6f75a19cea435d8905026f30058a87af9550"
          }
        },
        {
          "client_id": "99850702897-p0fbvaglcmaovgfqsc7bqlm2ls80f5v2.apps.googleusercontent.com",
          "client_type": 3
        }
      ],
      "api_key": [
        {
          "current_key": "AIzaSyA1plPuaYZ_yiBs9hMhxmJCyM7sFJWIRvc"
        }
      ],
      "services": {
        "appinvite_service": {
          "other_platform_oauth_client": [
            {
              "client_id": "99850702897-p0fbvaglcmaovgfqsc7bqlm2ls80f5v2.apps.googleusercontent.com",
              "client_type": 3
            }
          ]
        }
      }
    }
  ],
  "configuration_version": "1"
}